模型,Prompt版本,总体平均得分率,信息缺失率,1_长篇结构化应用文档_平均得分率,2_学术论文与专业文献_平均得分率,3_二维表格与日程数据_平均得分率,6_纯信息罗列清单_平均得分率
qwen3.5-27b,anchor_v3,0.5701923076923077,0.28846153846153844,0.5668316831683168,0.55625,0.6458333333333334,0.5859375
