模型,Prompt版本,总体平均得分率,信息缺失率,1_长篇结构化应用文档_平均得分率,2_学术论文与专业文献_平均得分率,3_二维表格与日程数据_平均得分率,6_纯信息罗列清单_平均得分率
qwen3.5-27b,anchor_v3,0.5173076923076924,0.3403846153846154,0.5173267326732673,0.55,0.5833333333333334,0.484375
