模型,Prompt版本,总体平均得分率,信息缺失率,1_长篇结构化应用文档_平均得分率,2_学术论文与专业文献_平均得分率,3_二维表格与日程数据_平均得分率,6_纯信息罗列清单_平均得分率
qwen3.5-27b,anchor_v2,0.4721153846153846,0.38076923076923075,0.47029702970297027,0.5,0.5208333333333334,0.45703125
qwen3.5-27b,baseline,0.46442307692307694,0.3682692307692308,0.46163366336633666,0.5875,0.3958333333333333,0.41796875
