模型,Prompt版本,总体平均得分率,信息缺失率,1_长篇结构化应用文档_平均得分率,2_学术论文与专业文献_平均得分率,3_二维表格与日程数据_平均得分率,6_纯信息罗列清单_平均得分率
deepseek-v3.2,anchor_v3,0.5432692307692307,0.33365384615384613,0.5396039603960396,0.6625,0.4583333333333333,0.5078125
